請選擇您的名字與學員編號,請勾選您希望與其同組的學員
4. William,"24. Jessica, 18. Richard, 36. Paul, 2. James"
16. Emily,"1. Christopher, 10. Thomas, 34. Sandra, 32. Linda"
2. James,"4. William, 12. Sarah, 32. Linda, 33. Joseph"
32. Linda,"2. James, 38. Andrew, 12. Sarah, 33. Joseph"
7. Anthony,"10. Thomas, 31. Patricia, 34. Sandra, 20. Robert"
18. Richard,"5. Margaret, 16. Emily, 21. Elizabeth, 12. Sarah"
24. Jessica,"5. Margaret, 34. Sandra, 6. David, 12. Sarah"
3. Kimberly,"28. Betty, 37. Daniel, 12. Sarah, 23. Mary"
33. Joseph,"15. Barbara, 5. Margaret, 31. Patricia"
28. Betty,"24. Jessica, 26. Jennifer, 19. Ashley"
31. Patricia,"16. Emily, 7. Anthony, 21. Elizabeth, 9. Michael"
21. Elizabeth,"24. Jessica, 1. Christopher, 5. Margaret"
14. Dorothy,"16. Emily, 6. David, 12. Sarah, 23. Mary"
11. Lisa,12. Sarah
9. Michael,"21. Elizabeth, 31. Patricia, 34. Sandra, 20. Robert"
17. Charles,"15. Barbara, 5. Margaret, 14. Dorothy, 33. Joseph"
27. Karen,"1. Christopher, 26. Jennifer, 13. Donald, 19. Ashley"
1. Christopher,"29. Steven, 19. Ashley, 21. Elizabeth, 25. Nancy"
38. Andrew,"1. Christopher, 26. Jennifer, 27. Karen, 16. Emily"
5. Margaret,"15. Barbara, 17. Charles, 31. Patricia, 33. Joseph"
19. Ashley,"1. Christopher, 31. Patricia, 34. Sandra, 12. Sarah"
29. Steven,"26. Jennifer, 19. Ashley, 16. Emily, 12. Sarah"
12. Sarah,"29. Steven, 18. Richard, 14. Dorothy, 23. Mary"
23. Mary,"1. Christopher, 34. Sandra, 38. Andrew"
20. Robert,"16. Emily, 21. Elizabeth, 11. Lisa, 3. Kimberly"
34. Sandra,"5. Margaret, 16. Emily, 6. David, 23. Mary"
13. Donald,"29. Steven, 18. Richard, 14. Dorothy, 4. William"
26. Jennifer,"28. Betty, 24. Jessica, 19. Ashley, 12. Sarah"
6. David,"14. Dorothy, 11. Lisa, 22. Matthew, 20. Robert"
22. Matthew,"1. Christopher, 14. Dorothy, 11. Lisa, 6. David"
36. Paul,"27. Karen, 21. Elizabeth, 11. Lisa, 12. Sarah"
30. Susan,"1. Christopher, 7. Anthony, 11. Lisa, 32. Linda"
35. John,"24. Jessica, 21. Elizabeth, 3. Kimberly"
8. Mark,"17. Charles, 25. Nancy, 2. James, 32. Linda"
25. Nancy,"10. Thomas, 19. Ashley, 5. Margaret, 11. Lisa"
10. Thomas,36. Paul
15. Barbara,"5. Margaret, 14. Dorothy, 34. Sandra, 33. Joseph"
37. Daniel,"28. Betty, 5. Margaret, 4. William, 11. Lisa"
